id,first_name,last_name,email,gender,address
1,Mala,Blazeby,mblazeby0@sourceforge.net,Female,Suite 97
2,Georgia,Brittlebank,gbrittlebank1@nifty.com,Female,5th Floor
3,Selig,Lorentz,slorentz2@oaic.gov.au,Male,PO Box 66692
4,Henrietta,Andresen,handresen3@twitpic.com,Female,2nd Floor
5,Payton,Kyffin,pkyffin4@intel.com,Male,Apt 979
6,Lauritz,Mularkey,lmularkey5@ftc.gov,Male,Suite 86
7,Lanni,Spendley,lspendley6@cnet.com,Genderfluid,Room 259
8,Farand,Beeden,fbeeden7@sciencedirect.com,Genderfluid,Apt 1065
9,Kylie,Broomhead,kbroomhead8@eepurl.com,Genderfluid,Suite 79
10,Vern,Falls,vfalls9@cmu.edu,Male,Suite 34
11,Eldredge,Shepperd,eshepperda@usatoday.com,Male,PO Box 91221
12,Gillian,Tsar,gtsarb@lulu.com,Female,Room 1882
13,Allen,Tinson,atinsonc@umich.edu,Male,18th Floor
14,Claudie,Branston,cbranstond@spiegel.de,Genderqueer,Room 1979
15,Sigismundo,Campkin,scampkine@reddit.com,Non-binary,Suite 85
16,Carrol,Prop,cpropf@oracle.com,Male,Apt 1518
17,Cornall,Calkin,ccalking@epa.gov,Non-binary,Suite 67
18,Heddie,Olkowicz,holkowiczh@hugedomains.com,Female,Apt 666
19,Burg,Huison,bhuisoni@house.gov,Male,Room 1793
20,Fields,Buffham,fbuffhamj@princeton.edu,Male,Apt 43
21,Eadith,Ebbings,eebbingsk@dmoz.org,Female,Room 1723
22,Trudie,Darrow,tdarrowl@skype.com,Genderfluid,Room 1971
23,Floria,Klauber,fklauberm@google.it,Female,PO Box 65436
24,Arabele,Dyson,adysonn@sourceforge.net,Female,5th Floor
25,Eustace,Weatherdon,eweatherdono@omniture.com,Male,10th Floor
26,Nessa,Rosenau,nrosenaup@ovh.net,Non-binary,PO Box 49037
27,Ardelle,Pepler,apeplerq@furl.net,Female,3rd Floor
28,Ange,Flinders,aflindersr@tumblr.com,Male,PO Box 2800
29,Berke,Murkin,bmurkins@cyberchimps.com,Male,Room 733
30,Belita,Ellcock,bellcockt@alexa.com,Female,Suite 9
31,Godfry,Stredwick,gstredwicku@nymag.com,Male,Suite 47
32,Dannel,Chaman,dchamanv@cloudflare.com,Male,Suite 30
33,Ettore,Thackston,ethackstonw@timesonline.co.uk,Male,6th Floor
34,Alley,Goldston,agoldstonx@yahoo.co.jp,Male,18th Floor
35,Emelita,Franseco,efransecoy@fda.gov,Female,PO Box 75502
36,Verne,Patterfield,vpatterfieldz@booking.com,Male,Room 1033
37,Mag,Yerson,myerson10@360.cn,Female,Apt 1971
38,Stavros,Mulqueeny,smulqueeny11@netlog.com,Male,Suite 37
39,Cash,Dives,cdives12@posterous.com,Male,PO Box 22747
40,Wallie,Bucktharp,wbucktharp13@flickr.com,Male,Suite 90
41,Pierce,Stillert,pstillert14@nydailynews.com,Bigender,Room 284
42,Lynn,Eggins,leggins15@bravesites.com,Female,8th Floor
43,Robbi,Witter,rwitter16@patch.com,Female,Suite 81
44,Noach,Whelpton,nwhelpton17@apache.org,Male,Suite 72
45,Gorden,Gard,ggard18@nps.gov,Male,PO Box 72549
46,Rice,Ebbetts,rebbetts19@plala.or.jp,Agender,Suite 25
47,Michaelina,Hunstone,mhunstone1a@nbcnews.com,Female,20th Floor
48,Torre,Scaplehorn,tscaplehorn1b@techcrunch.com,Male,13th Floor
49,Phil,Jeromson,pjeromson1c@time.com,Female,PO Box 1339
50,Neale,Lundie,nlundie1d@topsy.com,Male,Room 1475
51,Tyrus,Stading,tstading1e@sun.com,Male,Suite 99
52,Brit,Levane,blevane1f@sciencedirect.com,Male,Suite 16
53,Talbert,Kuhwald,tkuhwald1g@booking.com,Male,Apt 902
54,Brit,Janu,bjanu1h@scribd.com,Male,PO Box 24360
55,Vikki,Priter,vpriter1i@wired.com,Female,PO Box 10660
56,Zara,Sloper,zsloper1j@google.nl,Female,19th Floor
57,Jarrett,Cossem,jcossem1k@blogspot.com,Male,PO Box 93424
58,Krissie,Akid,kakid1l@netlog.com,Female,PO Box 55112
59,Tanitansy,Gillease,tgillease1m@twitter.com,Female,PO Box 23949
60,Benoite,Fransewich,bfransewich1n@adobe.com,Female,Room 1798
61,Amitie,Chisolm,achisolm1o@meetup.com,Female,PO Box 74508
62,Giordano,Delaprelle,gdelaprelle1p@rakuten.co.jp,Male,16th Floor
63,Sidnee,Shew,sshew1q@earthlink.net,Male,Room 647
64,Melosa,Krienke,mkrienke1r@youku.com,Female,PO Box 94608
65,Siusan,Gorthy,sgorthy1s@google.co.jp,Female,Suite 46
66,Rice,Counter,rcounter1t@ebay.com,Male,Suite 8
67,Dell,MacTeggart,dmacteggart1u@i2i.jp,Male,PO Box 6617
68,Nell,Matschoss,nmatschoss1v@ihg.com,Female,Suite 93
69,Cornelius,Prisk,cprisk1w@cnet.com,Male,Apt 1319
70,Derk,Hickinbottom,dhickinbottom1x@issuu.com,Male,Apt 1132
71,Alfy,Copestake,acopestake1y@youku.com,Male,PO Box 38116
72,Christoper,Pepperrall,cpepperrall1z@behance.net,Male,PO Box 71049
73,Erhart,Scamel,escamel20@skyrock.com,Male,Room 913
74,Muffin,Baynham,mbaynham21@google.ca,Female,13th Floor
75,Jacklin,Mewburn,jmewburn22@xing.com,Female,PO Box 38679
76,Evonne,Diviney,ediviney23@cisco.com,Female,Apt 780
77,Dalton,Hurle,dhurle24@mlb.com,Male,PO Box 57367
78,Ettore,Haines,ehaines25@forbes.com,Male,Room 1903
79,Lexi,Livesey,llivesey26@elpais.com,Female,PO Box 25400
80,Gratiana,Skeen,gskeen27@disqus.com,Female,11th Floor
81,Free,Bradane,fbradane28@godaddy.com,Male,Apt 1890
82,Maurits,Hovee,mhovee29@sbwire.com,Male,PO Box 82363
83,Brynn,Gamble,bgamble2a@shinystat.com,Female,PO Box 49719
84,Launce,Vasilkov,lvasilkov2b@umn.edu,Male,Apt 537
85,Brant,Peotz,bpeotz2c@house.gov,Male,Suite 30
86,Gonzales,Domsalla,gdomsalla2d@salon.com,Male,Apt 663
87,Jedediah,Schurcke,jschurcke2e@baidu.com,Male,Apt 452
88,Abigael,Costall,acostall2f@istockphoto.com,Female,Suite 93
89,Sammy,Dudin,sdudin2g@baidu.com,Male,Suite 9
90,Eadie,Clew,eclew2h@hatena.ne.jp,Female,Room 1009
91,Frank,Da Costa,fdacosta2i@privacy.gov.au,Male,Room 1465
92,Tabor,Vass,tvass2j@icio.us,Male,Room 1490
93,Velvet,Pikett,vpikett2k@studiopress.com,Female,PO Box 56512
94,Michel,Riglar,mriglar2l@alexa.com,Female,Suite 62
95,Melisse,Cleland,mcleland2m@uiuc.edu,Female,Room 1166
96,Mason,Poytres,mpoytres2n@xrea.com,Male,Room 1094
97,Tann,Nellen,tnellen2o@mit.edu,Male,5th Floor
98,Cindra,Fortnam,cfortnam2p@amazonaws.com,Female,Suite 90
99,Winston,Barneville,wbarneville2q@gizmodo.com,Male,Room 342
100,Haskell,Mcwhinnie,hmcwhinnie2r@comcast.net,Male,Apt 1732
101,Emlynn,Pitts,epitts2s@wufoo.com,Female,PO Box 6819
102,Broddie,Bailie,bbailie2t@netscape.com,Male,PO Box 28718
103,Jessalyn,Perin,jperin2u@redcross.org,Bigender,12th Floor
104,Karita,Galliford,kgalliford2v@nasa.gov,Female,PO Box 73430
105,Ainslie,Cullagh,acullagh2w@ocn.ne.jp,Female,Apt 220
106,Beaufort,Crowd,bcrowd2x@businesswire.com,Male,Room 768
107,Andreas,Greasley,agreasley2y@tumblr.com,Male,19th Floor
108,Russell,Pane,rpane2z@umich.edu,Male,Room 73
109,Rikki,Hutchason,rhutchason30@loc.gov,Female,14th Floor
110,Skylar,Larvin,slarvin31@facebook.com,Male,Apt 374
111,Edlin,Francescoccio,efrancescoccio32@addtoany.com,Male,20th Floor
112,Drusilla,Malkin,dmalkin33@time.com,Female,Apt 27
113,Peter,O'Scollee,poscollee34@rambler.ru,Male,2nd Floor
114,Davin,Garford,dgarford35@prweb.com,Male,Suite 58
115,Wynn,Lipyeat,wlipyeat36@nature.com,Genderfluid,Room 335
116,Blayne,Goodson,bgoodson37@biblegateway.com,Male,PO Box 47764
117,Korney,Castellaccio,kcastellaccio38@independent.co.uk,Female,13th Floor
118,Nicolle,Pillifant,npillifant39@hexun.com,Female,Room 1914
119,Elwin,Braham,ebraham3a@bing.com,Male,Room 1563
120,Doralyn,Burridge,dburridge3b@bluehost.com,Female,19th Floor
121,Mycah,Crich,mcrich3c@accuweather.com,Male,Room 1707
122,Pippo,Flather,pflather3d@storify.com,Male,PO Box 19963
123,Kessia,Fasham,kfasham3e@biblegateway.com,Female,Room 1046
124,Klarika,Ludovico,kludovico3f@opera.com,Female,Room 215
125,Lurlene,Carn,lcarn3g@google.com.br,Female,Room 245
126,Milly,Abrahart,mabrahart3h@fastcompany.com,Female,Suite 87
127,Chrysa,Mithan,cmithan3i@un.org,Female,PO Box 23330
128,Bianca,Rendle,brendle3j@nba.com,Female,Room 139
129,Joyan,Ferens,jferens3k@cdc.gov,Female,Suite 49
130,Werner,Morcom,wmorcom3l@ox.ac.uk,Male,PO Box 14577
131,Jeanie,Cruddas,jcruddas3m@chron.com,Female,Room 1939
132,Carin,Bolsteridge,cbolsteridge3n@so-net.ne.jp,Female,Room 1161
133,Daniela,Hussy,dhussy3o@youtube.com,Female,PO Box 29714
134,Iolanthe,Griffey,igriffey3p@phpbb.com,Female,Room 1606
135,Judas,Winteringham,jwinteringham3q@altervista.org,Male,Suite 70
136,Hamilton,Scawn,hscawn3r@pcworld.com,Male,Suite 92
137,Cathlene,Summerly,csummerly3s@wikimedia.org,Female,19th Floor
138,Gregoor,Wardel,gwardel3t@surveymonkey.com,Male,PO Box 26652
139,Shel,Ormrod,sormrod3u@istockphoto.com,Genderfluid,Room 500
140,Irving,Clough,iclough3v@weather.com,Male,Room 650
141,Edmund,Matthew,ematthew3w@altervista.org,Male,PO Box 19822
142,Mycah,D'Hooghe,mdhooghe3x@tmall.com,Genderfluid,PO Box 9880
143,Lewie,Gemeau,lgemeau3y@arizona.edu,Male,9th Floor
144,Maritsa,Gilstoun,mgilstoun3z@stumbleupon.com,Female,Apt 480
145,Kellen,Francescuccio,kfrancescuccio40@virginia.edu,Male,Room 1916
146,Nollie,Little,nlittle41@prnewswire.com,Bigender,Room 801
147,Stephanie,Ewins,sewins42@facebook.com,Female,13th Floor
148,Jarvis,Cryer,jcryer43@w3.org,Male,2nd Floor
149,Yehudi,Ericsson,yericsson44@google.com.br,Male,Room 1296
150,Marcelline,Rozet,mrozet45@g.co,Female,Apt 639
151,Kassi,Hark,khark46@nationalgeographic.com,Female,Suite 40
152,Leodora,Niessen,lniessen47@dropbox.com,Female,Room 807
153,Lillian,Jessen,ljessen48@ed.gov,Female,Suite 42
154,Daryl,Burlay,dburlay49@google.ca,Female,Apt 357
155,Ignaz,Start,istart4a@theatlantic.com,Male,Room 788
156,Hestia,Chapling,hchapling4b@scribd.com,Female,PO Box 96036
157,Caleb,Dongles,cdongles4c@ovh.net,Male,8th Floor
158,Marty,Watkins,mwatkins4d@miibeian.gov.cn,Male,Suite 57
159,Gratia,Veeler,gveeler4e@comsenz.com,Female,7th Floor
160,Lenna,Foldes,lfoldes4f@mozilla.org,Female,Room 1615
161,Carlene,Dingivan,cdingivan4g@friendfeed.com,Female,Suite 40
162,Beaufort,Girardy,bgirardy4h@hexun.com,Male,PO Box 83200
163,Carmita,Learmonth,clearmonth4i@tuttocitta.it,Female,PO Box 91330
164,Dalia,Schuck,dschuck4j@timesonline.co.uk,Female,Suite 96
165,Corri,Von Salzberg,cvonsalzberg4k@paypal.com,Bigender,PO Box 9874
166,Tiena,Esterbrook,testerbrook4l@wisc.edu,Female,Room 1241
167,Martelle,Willcot,mwillcot4m@usgs.gov,Female,Room 1611
168,Celestia,Demkowicz,cdemkowicz4n@quantcast.com,Female,10th Floor
169,Thorstein,Geraldez,tgeraldez4o@dropbox.com,Male,PO Box 88341
170,Britt,Wicklin,bwicklin4p@ning.com,Female,Suite 20
171,Robbie,Sayer,rsayer4q@ezinearticles.com,Male,5th Floor
172,Marylinda,Gwynn,mgwynn4r@narod.ru,Female,19th Floor
173,Abbie,Boddam,aboddam4s@abc.net.au,Male,Room 791
174,Donny,Haug,dhaug4t@chronoengine.com,Male,Apt 1856
175,Janie,Burnside,jburnside4u@deliciousdays.com,Non-binary,Suite 24
176,Tonia,Caff,tcaff4v@blog.com,Female,Room 979
177,Jourdan,Jestico,jjestico4w@blogtalkradio.com,Genderqueer,Suite 62
178,Guthrey,O'Deoran,godeoran4x@ow.ly,Male,6th Floor
179,Ruy,Greasley,rgreasley4y@friendfeed.com,Male,Room 378
180,Bailie,Normanville,bnormanville4z@ucsd.edu,Male,Apt 1072
181,Roy,Thonger,rthonger50@github.com,Male,14th Floor
182,Arlen,Daniels,adaniels51@netscape.com,Female,Apt 1118
183,Any,Somerset,asomerset52@bandcamp.com,Male,PO Box 25678
184,Lanita,Muckloe,lmuckloe53@eventbrite.com,Female,Suite 50
185,Trudie,Nelthrop,tnelthrop54@yellowpages.com,Female,7th Floor
186,Louisette,Vassano,lvassano55@google.com.br,Female,PO Box 38340
187,Zolly,Kohen,zkohen56@homestead.com,Male,PO Box 23438
188,Cheston,Shirtliff,cshirtliff57@odnoklassniki.ru,Male,Apt 812
189,Ashil,Lydiard,alydiard58@ftc.gov,Female,Room 494
190,Tedra,Eberts,teberts59@sbwire.com,Female,Room 1184
191,Ugo,Jakeman,ujakeman5a@sogou.com,Male,Room 1171
192,Nahum,Cusick,ncusick5b@nature.com,Male,5th Floor
193,Paul,Jacquot,pjacquot5c@github.io,Male,PO Box 33393
194,Nicky,Stoppard,nstoppard5d@hugedomains.com,Male,Apt 1797
195,Pammie,MacBrearty,pmacbrearty5e@barnesandnoble.com,Female,1st Floor
196,Rancell,Larraway,rlarraway5f@mediafire.com,Male,PO Box 47861
197,Whitby,Neames,wneames5g@thetimes.co.uk,Male,Room 80
198,Wake,Stoner,wstoner5h@baidu.com,Genderqueer,7th Floor
199,Powell,Behnen,pbehnen5i@chronoengine.com,Male,Suite 24
200,Mellie,Sprouls,msprouls5j@1und1.de,Female,PO Box 79365
201,Clarke,Jobke,cjobke5k@wikia.com,Genderfluid,Room 1593
202,Kipper,Bunch,kbunch5l@china.com.cn,Male,Apt 1671
203,Amos,Bottrell,abottrell5m@mlb.com,Male,20th Floor
204,Harry,Turpie,hturpie5n@nytimes.com,Male,PO Box 85807
205,Juana,Cullip,jcullip5o@canalblog.com,Female,Apt 872
206,Stephani,Cadore,scadore5p@google.com,Female,Apt 408
207,Marge,Cobley,mcobley5q@microsoft.com,Female,PO Box 64740
208,Angus,Pigrome,apigrome5r@unicef.org,Male,Suite 53
209,Hilliard,Lafont,hlafont5s@boston.com,Male,Room 1746
210,Wyatt,Skyrm,wskyrm5t@scribd.com,Male,Suite 58
211,Wayland,Keeney,wkeeney5u@linkedin.com,Male,Apt 1506
212,Janela,Greig,jgreig5v@dmoz.org,Female,Suite 95
213,Charita,Shallcrass,cshallcrass5w@examiner.com,Female,PO Box 28373
214,Fields,Gantz,fgantz5x@foxnews.com,Male,PO Box 30801
215,Clair,Pirnie,cpirnie5y@artisteer.com,Male,PO Box 65815
216,Melodie,Antonich,mantonich5z@japanpost.jp,Female,Room 1972
217,Raimund,Jewster,rjewster60@ibm.com,Male,Suite 6
218,Orin,Pattinson,opattinson61@answers.com,Male,Room 11
219,Dara,Corlett,dcorlett62@mit.edu,Female,PO Box 39119
220,Bord,Wardroper,bwardroper63@hugedomains.com,Male,7th Floor
221,Jeth,Josefovic,jjosefovic64@trellian.com,Male,7th Floor
222,Kristofor,Cypler,kcypler65@japanpost.jp,Male,Room 96
223,Bondy,Luparto,bluparto66@bbc.co.uk,Male,Suite 73
224,Myrwyn,Kemmis,mkemmis67@acquirethisname.com,Male,Apt 1930
225,Belia,Cuddy,bcuddy68@php.net,Female,Suite 5
226,Kaitlynn,De Maria,kdemaria69@usatoday.com,Female,Room 223
227,Jeniffer,MacAindreis,jmacaindreis6a@is.gd,Female,Suite 98
228,Lyell,Ridgley,lridgley6b@taobao.com,Male,Room 1154
229,Shalom,Stiven,sstiven6c@naver.com,Male,Apt 1372
230,Free,Saltern,fsaltern6d@hibu.com,Male,9th Floor
231,Penelopa,Garrit,pgarrit6e@sina.com.cn,Female,Apt 214
232,Aveline,Braunle,abraunle6f@paginegialle.it,Female,Apt 20
233,Emanuele,Measor,emeasor6g@stanford.edu,Male,Apt 703
234,Clarinda,Yeude,cyeude6h@seattletimes.com,Female,Apt 686
235,Perren,Erricker,perricker6i@chron.com,Male,PO Box 43663
236,Thaddus,Ahrenius,tahrenius6j@google.com.hk,Agender,Suite 77
237,Zelig,Musla,zmusla6k@instagram.com,Male,Suite 58
238,Boris,Edmans,bedmans6l@tinyurl.com,Male,Suite 69
239,Briny,Sharpley,bsharpley6m@nymag.com,Non-binary,PO Box 69349
240,Helyn,Escolme,hescolme6n@ebay.co.uk,Bigender,Apt 607
241,Berkley,Mathevon,bmathevon6o@princeton.edu,Male,Room 391
242,Ced,Hysom,chysom6p@about.me,Male,8th Floor
243,Aeriel,Dorricott,adorricott6q@arstechnica.com,Female,Suite 97
244,Avictor,Flanders,aflanders6r@infoseek.co.jp,Male,4th Floor
245,Rowney,Jammet,rjammet6s@liveinternet.ru,Male,PO Box 34556
246,Shayla,Bowers,sbowers6t@artisteer.com,Female,Suite 34
247,Jessie,Wotton,jwotton6u@dailymail.co.uk,Female,Apt 996
248,Teresina,Oldford,toldford6v@over-blog.com,Female,Apt 1065
249,Odie,Morton,omorton6w@163.com,Male,11th Floor
250,Ray,Minihan,rminihan6x@reference.com,Female,20th Floor
251,Cam,Della Scala,cdellascala6y@nydailynews.com,Male,Room 1254
252,Raff,De Bruyne,rdebruyne6z@networksolutions.com,Male,Room 580
253,Cortie,Torrejon,ctorrejon70@ed.gov,Male,15th Floor
254,Beltran,Durnall,bdurnall71@tinypic.com,Male,Suite 68
255,Yoko,Barraclough,ybarraclough72@adobe.com,Female,PO Box 83050
256,Douglas,Stanworth,dstanworth73@fema.gov,Male,Suite 53
257,Gusti,Bratcher,gbratcher74@geocities.com,Female,Room 55
258,Adora,Archley,aarchley75@example.com,Female,Apt 130
259,Meir,Adam,madam76@live.com,Male,17th Floor
260,Timothy,Grenfell,tgrenfell77@ft.com,Male,5th Floor
261,Powell,Langelaan,plangelaan78@hibu.com,Male,11th Floor
262,Rayna,Duran,rduran79@nyu.edu,Female,PO Box 9954
263,Krystal,Goulbourne,kgoulbourne7a@ebay.com,Female,Apt 1712
264,Dene,Siseland,dsiseland7b@newyorker.com,Male,5th Floor
265,Neddie,Bourgaize,nbourgaize7c@ucsd.edu,Male,2nd Floor
266,Veronika,Cresar,vcresar7d@nature.com,Female,10th Floor
267,Martguerita,Joscelyn,mjoscelyn7e@fotki.com,Female,Apt 1415
268,Alon,Bardwall,abardwall7f@toplist.cz,Male,Apt 127
269,Alaine,Phittiplace,aphittiplace7g@ox.ac.uk,Female,Room 715
270,Celie,Scaife,cscaife7h@forbes.com,Female,4th Floor
271,Alanna,Trickett,atrickett7i@wiley.com,Female,Room 1435
272,Rubina,Bugden,rbugden7j@cisco.com,Female,10th Floor
273,Daisey,Middle,dmiddle7k@indiatimes.com,Female,PO Box 9231
274,Madalyn,Northrop,mnorthrop7l@woothemes.com,Bigender,Apt 621
275,Findlay,Kures,fkures7m@cdbaby.com,Genderfluid,PO Box 67487
276,Rosalie,Tebb,rtebb7n@miibeian.gov.cn,Female,Apt 1976
277,Silvan,Marzelo,smarzelo7o@wufoo.com,Male,13th Floor
278,Berny,Setchell,bsetchell7p@digg.com,Male,Suite 20
279,Sonia,Cloney,scloney7q@bizjournals.com,Agender,16th Floor
280,Vidovic,Birchall,vbirchall7r@npr.org,Male,Apt 1113
281,Wit,Olerenshaw,wolerenshaw7s@slashdot.org,Male,Suite 41
282,Grete,Biers,gbiers7t@hc360.com,Female,Apt 536
283,Sonia,MacGrath,smacgrath7u@theguardian.com,Female,7th Floor
284,Izabel,Jozefowicz,ijozefowicz7v@un.org,Female,5th Floor
285,Raphael,Parfett,rparfett7w@desdev.cn,Male,8th Floor
286,Laura,MacNeice,lmacneice7x@prnewswire.com,Female,Apt 1796
287,Bartolomeo,Netherwood,bnetherwood7y@salon.com,Bigender,Suite 25
288,Ede,Moresby,emoresby7z@exblog.jp,Female,Room 296
289,Luise,O'Finan,lofinan80@constantcontact.com,Female,Apt 347
290,Shanan,Plumer,splumer81@nsw.gov.au,Male,PO Box 22169
291,Ansley,Masser,amasser82@google.fr,Female,Room 188
292,Pen,Charker,pcharker83@cam.ac.uk,Female,Room 192
293,Sascha,Johann,sjohann84@blogtalkradio.com,Male,PO Box 5814
294,Hersch,Peedell,hpeedell85@godaddy.com,Male,9th Floor
295,Kerwinn,Dudderidge,kdudderidge86@ebay.co.uk,Male,Apt 599
296,Vail,Gaffon,vgaffon87@indiatimes.com,Genderfluid,12th Floor
297,Jameson,Runciman,jrunciman88@wordpress.com,Male,PO Box 17658
298,Ricoriki,Kingsworth,rkingsworth89@elpais.com,Bigender,Suite 3
299,Randi,Fazzioli,rfazzioli8a@youku.com,Male,PO Box 3545
300,Erroll,Adriaens,eadriaens8b@blogtalkradio.com,Male,Suite 97
301,Cheston,Shinton,cshinton8c@ft.com,Male,17th Floor
302,Merell,Emps,memps8d@seattletimes.com,Male,Room 1592
303,Hortense,Doul,hdoul8e@webnode.com,Female,Room 1348
304,Brennan,Blei,bblei8f@seattletimes.com,Male,Room 1778
305,Hester,Carverhill,hcarverhill8g@cpanel.net,Female,Suite 10
306,Farra,Blacket,fblacket8h@scientificamerican.com,Female,Apt 1496
307,Kurt,Kleewein,kkleewein8i@house.gov,Male,PO Box 55133
308,Darin,Germann,dgermann8j@chronoengine.com,Male,PO Box 98977
309,Beatrisa,Scholer,bscholer8k@prnewswire.com,Female,Apt 811
310,Gene,Campanelli,gcampanelli8l@huffingtonpost.com,Male,Room 1724
311,Tome,Filde,tfilde8m@redcross.org,Male,PO Box 54558
312,Skippie,Ungaretti,sungaretti8n@hostgator.com,Male,Apt 1236
313,Bruis,Downgate,bdowngate8o@nhs.uk,Male,Room 1207
314,Shawn,McGonnell,smcgonnell8p@purevolume.com,Female,6th Floor
315,Vladamir,Goldfinch,vgoldfinch8q@cam.ac.uk,Male,4th Floor
316,Costanza,Coucha,ccoucha8r@myspace.com,Female,Apt 332
317,Meriel,Prantl,mprantl8s@netscape.com,Female,PO Box 82463
318,Mirabella,Wedderburn,mwedderburn8t@wsj.com,Female,PO Box 75749
319,Lea,Tessington,ltessington8u@ox.ac.uk,Female,Room 1096
320,Robb,Tissell,rtissell8v@taobao.com,Male,PO Box 88067
321,Anatol,Misk,amisk8w@netscape.com,Male,Apt 1801
322,Flori,Vignaux,fvignaux8x@loc.gov,Female,11th Floor
323,Orran,Garrow,ogarrow8y@nature.com,Male,Apt 1563
324,Derron,Rambaut,drambaut8z@blogger.com,Male,14th Floor
325,Salvador,Ledster,sledster90@hubpages.com,Male,18th Floor
326,Oralle,Bruckental,obruckental91@friendfeed.com,Female,4th Floor
327,Lars,Cherryman,lcherryman92@constantcontact.com,Male,PO Box 66056
328,West,Stango,wstango93@soundcloud.com,Male,Room 1065
329,Hermon,Daughtrey,hdaughtrey94@simplemachines.org,Male,Room 1564
330,Caesar,Hebson,chebson95@google.de,Male,PO Box 650
331,Deny,Polglase,dpolglase96@mediafire.com,Female,Room 803
332,Caleb,Benton,cbenton97@google.co.jp,Male,Apt 1660
333,Mahalia,Adshed,madshed98@hp.com,Female,Apt 1386
334,Irwinn,Argo,iargo99@mozilla.org,Male,Room 140
335,Adora,Presland,apresland9a@a8.net,Female,10th Floor
336,Sandor,Geldart,sgeldart9b@wired.com,Male,PO Box 23898
337,Celisse,Dankersley,cdankersley9c@yahoo.co.jp,Female,Suite 6
338,Giffy,Hellewell,ghellewell9d@twitpic.com,Male,Room 1329
339,Shay,Gearty,sgearty9e@weibo.com,Female,Apt 456
340,Izabel,Evens,ievens9f@wsj.com,Female,PO Box 75347
341,Marcela,Garm,mgarm9g@salon.com,Female,PO Box 10139
342,Derby,Spencelayh,dspencelayh9h@newyorker.com,Male,Suite 23
343,Cirstoforo,Willcock,cwillcock9i@instagram.com,Male,PO Box 57771
344,Marsha,Weatherill,mweatherill9j@nationalgeographic.com,Female,Suite 71
345,Mira,Drivers,mdrivers9k@sciencedirect.com,Female,PO Box 29801
346,Evvy,Trowsdale,etrowsdale9l@irs.gov,Female,PO Box 93994
347,Ashlan,Suller,asuller9m@studiopress.com,Female,Apt 881
348,Rhodie,Jindrich,rjindrich9n@senate.gov,Female,7th Floor
349,Olimpia,Baglan,obaglan9o@nydailynews.com,Female,Apt 1134
350,Marlo,O'Keevan,mokeevan9p@dedecms.com,Female,PO Box 34533
351,Claudetta,Anniwell,canniwell9q@nhs.uk,Female,9th Floor
352,Creight,Labrone,clabrone9r@last.fm,Male,PO Box 71479
353,Gideon,Slimings,gslimings9s@smugmug.com,Male,9th Floor
354,Alexi,Dailly,adailly9t@live.com,Female,Apt 1179
355,Barri,O'Lenechan,bolenechan9u@geocities.com,Male,Suite 11
356,Konstantin,Copp,kcopp9v@ox.ac.uk,Male,Room 1831
357,Cristina,Ayers,cayers9w@nymag.com,Non-binary,Room 1035
358,Delia,Birdsey,dbirdsey9x@telegraph.co.uk,Female,Suite 75
359,Isabelita,Sarfatti,isarfatti9y@mozilla.org,Female,Room 563
360,Edmon,Royle,eroyle9z@ted.com,Male,Room 1347
361,Darryl,Zanutti,dzanuttia0@netvibes.com,Female,PO Box 87237
362,Winfield,Hamberston,whamberstona1@nba.com,Male,15th Floor
363,Kevan,Shyram,kshyrama2@yahoo.co.jp,Bigender,17th Floor
364,Gaspar,While,gwhilea3@rediff.com,Male,PO Box 88451
365,Nolly,Maddox,nmaddoxa4@webeden.co.uk,Male,5th Floor
366,Alane,Vallance,avallancea5@fema.gov,Female,Apt 699
367,Jeanelle,Pitts,jpittsa6@shutterfly.com,Female,13th Floor
368,Cookie,Hazle,chazlea7@narod.ru,Female,Apt 1362
369,Adelaida,Compton,acomptona8@twitter.com,Female,Room 885
370,Anselm,Janout,ajanouta9@diigo.com,Male,PO Box 7159
371,Warner,Tansly,wtanslyaa@arizona.edu,Male,18th Floor
372,Adrienne,Sneden,asnedenab@kickstarter.com,Female,4th Floor
373,Ben,Capstick,bcapstickac@harvard.edu,Male,Room 1758
374,Helyn,Basset,hbassetad@ted.com,Agender,Apt 907
375,Oates,Minker,ominkerae@a8.net,Male,Suite 97
376,Hedvige,Kos,hkosaf@princeton.edu,Female,1st Floor
377,Shaughn,Lewzey,slewzeyag@ucoz.ru,Male,Room 1987
378,Evaleen,Vittle,evittleah@delicious.com,Female,7th Floor
379,Locke,Stieger,lstiegerai@google.com.br,Male,6th Floor
380,Kelcey,Traice,ktraiceaj@google.es,Female,9th Floor
381,Tann,Bettley,tbettleyak@cmu.edu,Male,Suite 40
382,Joelie,Hopfer,jhopferal@slate.com,Female,PO Box 84758
383,Terrance,Thurnham,tthurnhamam@tripod.com,Male,PO Box 52012
384,Nil,Zambonini,nzamboninian@blinklist.com,Male,PO Box 86646
385,Nickie,Skirving,nskirvingao@uiuc.edu,Male,Suite 89
386,Godard,Menghi,gmenghiap@unicef.org,Male,17th Floor
387,Sofie,Deuss,sdeussaq@blogger.com,Female,Suite 66
388,Rosanne,McAmish,rmcamishar@chicagotribune.com,Female,Room 1431
389,Rabi,Rizzini,rrizzinias@t-online.de,Male,Suite 43
390,Giorgia,Cordall,gcordallat@gravatar.com,Female,Apt 1884
391,Hilda,Gludor,hgludorau@lulu.com,Non-binary,PO Box 90310
392,Dollie,Hanhard,dhanhardav@accuweather.com,Female,Room 170
393,Lorettalorna,Scaplehorn,lscaplehornaw@example.com,Female,PO Box 36220
394,Nester,Clifft,nclifftax@ameblo.jp,Male,Room 575
395,Ramsey,Grier,rgrieray@homestead.com,Bigender,Room 283
396,Boycie,Fowle,bfowleaz@reverbnation.com,Non-binary,Suite 53
397,Shanna,Schruur,sschruurb0@mozilla.com,Female,Apt 482
398,Moria,Casaccia,mcasacciab1@addthis.com,Female,Room 1461
399,Selinda,Upstell,supstellb2@google.com.hk,Female,1st Floor
400,Albert,Rogeron,arogeronb3@altervista.org,Male,Suite 33
401,Towny,Blunt,tbluntb4@hexun.com,Male,Room 444
402,Mannie,Drummond,mdrummondb5@infoseek.co.jp,Male,9th Floor
403,Ailina,Giabuzzi,agiabuzzib6@omniture.com,Female,PO Box 87810
404,Dana,Sute,dsuteb7@patch.com,Genderqueer,PO Box 51689
405,Lyn,Sprigin,lspriginb8@globo.com,Female,PO Box 39424
406,Audra,Tearle,atearleb9@tinypic.com,Female,Apt 1617
407,Doria,Prowting,dprowtingba@census.gov,Female,Apt 59
408,Adella,Curuclis,acuruclisbb@cdbaby.com,Female,16th Floor
409,Marlin,Lismer,mlismerbc@yellowbook.com,Male,Room 994
410,Vale,Tomaselli,vtomasellibd@over-blog.com,Genderfluid,17th Floor
411,Grace,Krates,gkratesbe@nydailynews.com,Male,Room 1114
412,Zorina,Thies,zthiesbf@furl.net,Female,Room 437
413,Leora,Layus,llayusbg@rakuten.co.jp,Female,13th Floor
414,Charlie,Berkely,cberkelybh@dagondesign.com,Male,Suite 83
415,Garold,Ansell,gansellbi@cnbc.com,Male,20th Floor
416,Ines,Overlow,ioverlowbj@arizona.edu,Female,10th Floor
417,Jerrine,Dracey,jdraceybk@cbsnews.com,Female,Room 237
418,Dana,McMullen,dmcmullenbl@china.com.cn,Male,Room 1987
419,Georgetta,Keizman,gkeizmanbm@yelp.com,Female,Apt 1736
420,Jeralee,Giraudeau,jgiraudeaubn@sciencedaily.com,Bigender,Apt 395
421,Ulrika,Ledgerton,uledgertonbo@twitpic.com,Female,Apt 680
422,Nonie,Gosswell,ngosswellbp@tamu.edu,Female,PO Box 89401
423,Hallsy,Chopy,hchopybq@dropbox.com,Male,Apt 1628
424,Bernita,Cotty,bcottybr@dailymail.co.uk,Female,6th Floor
425,Janina,Vazquez,jvazquezbs@bizjournals.com,Female,PO Box 46615
426,Tootsie,Whaley,twhaleybt@arizona.edu,Polygender,15th Floor
427,Christyna,Brotherhed,cbrotherhedbu@csmonitor.com,Agender,Apt 292
428,Mar,Fraczek,mfraczekbv@skyrock.com,Male,Suite 37
429,Noelle,Weson,nwesonbw@cloudflare.com,Female,Room 61
430,Porter,Camerana,pcameranabx@angelfire.com,Male,PO Box 23199
431,Hugues,Mahody,hmahodyby@boston.com,Male,Apt 1446
432,Mahmoud,Curee,mcureebz@wufoo.com,Male,Suite 8
433,Gerhardt,Walkley,gwalkleyc0@furl.net,Male,PO Box 13386
434,Diena,Tace,dtacec1@harvard.edu,Female,Room 1267
435,Morganica,Toxell,mtoxellc2@businessweek.com,Female,Room 361
436,Panchito,Izakof,pizakofc3@comsenz.com,Male,Room 749
437,Ruddy,Tarborn,rtarbornc4@webnode.com,Male,PO Box 15842
438,Felice,Jakaway,fjakawayc5@sciencedirect.com,Male,PO Box 2279
439,Nikolaos,Artz,nartzc6@sitemeter.com,Male,PO Box 57129
440,Pier,Fallow,pfallowc7@scientificamerican.com,Female,Suite 25
441,Elonore,Moorfield,emoorfieldc8@sitemeter.com,Female,Suite 43
442,Lola,Darey,ldareyc9@reverbnation.com,Female,PO Box 56549
443,Des,Beckensall,dbeckensallca@deviantart.com,Male,Suite 40
444,Emily,Waby,ewabycb@wiley.com,Agender,Room 1083
445,Sheelah,Grist,sgristcc@globo.com,Female,Apt 1751
446,Ailene,Brimicombe,abrimicombecd@cisco.com,Female,PO Box 87898
447,Foster,Headings,fheadingsce@businessweek.com,Male,Room 155
448,Kayne,Hawson,khawsoncf@tuttocitta.it,Male,Suite 14
449,Ulrich,Worms,uwormscg@columbia.edu,Male,14th Floor
450,Dennie,Jankowski,djankowskich@163.com,Male,Room 324
451,Nicolea,Tolussi,ntolussici@creativecommons.org,Female,Apt 1281
452,Sibelle,Peatman,speatmancj@exblog.jp,Female,2nd Floor
453,Kory,Goward,kgowardck@tmall.com,Male,Apt 676
454,Idaline,Miliffe,imiliffecl@upenn.edu,Female,PO Box 84152
455,Cassius,Pulhoster,cpulhostercm@bluehost.com,Male,PO Box 43427
456,Corine,Eve,cevecn@wsj.com,Female,PO Box 25754
457,Gaylord,Hasney,ghasneyco@disqus.com,Male,15th Floor
458,Max,Sartain,msartaincp@livejournal.com,Male,Apt 1119
459,Marya,Lutzmann,mlutzmanncq@scientificamerican.com,Female,17th Floor
460,Pauli,Jarratt,pjarrattcr@apple.com,Female,PO Box 19673
461,Merry,Mapston,mmapstoncs@boston.com,Female,Room 487
462,Tarah,Colcutt,tcolcuttct@ycombinator.com,Female,Suite 20
463,Launce,Hexham,lhexhamcu@europa.eu,Male,17th Floor
464,Basia,Weedall,bweedallcv@wisc.edu,Female,Suite 30
465,Felic,Calbrathe,fcalbrathecw@blogspot.com,Polygender,11th Floor
466,Colan,de Villier,cdevilliercx@github.io,Male,PO Box 16357
467,Giordano,Falloon,gfallooncy@columbia.edu,Male,Suite 11
468,Carmita,Garn,cgarncz@nbcnews.com,Female,Suite 21
469,Casi,Blackaller,cblackallerd0@bloglines.com,Genderfluid,2nd Floor
470,Heddi,Cruwys,hcruwysd1@time.com,Female,PO Box 97545
471,Minette,Harby,mharbyd2@51.la,Female,Room 58
472,Roddie,Pechell,rpechelld3@nih.gov,Male,Suite 99
473,Vivyanne,Jaksic,vjaksicd4@stanford.edu,Female,PO Box 38293
474,Farah,Hek,fhekd5@gmpg.org,Female,Suite 18
475,Tanny,Hansley,thansleyd6@google.it,Male,Apt 1799
476,Raeann,Carrabott,rcarrabottd7@goo.gl,Female,Room 380
477,Scottie,Quarrell,squarrelld8@people.com.cn,Male,PO Box 14313
478,Dov,Thoresby,dthoresbyd9@shinystat.com,Male,7th Floor
479,Grove,Salling,gsallingda@networksolutions.com,Male,11th Floor
480,Thom,Sturge,tsturgedb@netlog.com,Male,Apt 1004
481,Emory,Fraczkiewicz,efraczkiewiczdc@shop-pro.jp,Male,1st Floor
482,Malory,Iacofo,miacofodd@usatoday.com,Female,4th Floor
483,Chickie,Barrington,cbarringtonde@hud.gov,Female,Suite 66
484,Astrid,Tackett,atackettdf@harvard.edu,Female,Room 534
485,Legra,Glassup,lglassupdg@ifeng.com,Female,PO Box 4926
486,Constantino,Royden,croydendh@lulu.com,Male,Apt 1535
487,Hort,Tewnion,htewniondi@house.gov,Male,Room 1300
488,Nanete,Linstead,nlinsteaddj@ed.gov,Female,Suite 2
489,Issy,Konertz,ikonertzdk@dyndns.org,Female,PO Box 93782
490,Egbert,Labram,elabramdl@nifty.com,Male,PO Box 41794
491,Zonda,Grieveson,zgrievesondm@comsenz.com,Female,15th Floor
492,Torr,Poizer,tpoizerdn@slashdot.org,Male,Apt 1361
493,Blair,Merkel,bmerkeldo@stanford.edu,Male,PO Box 60641
494,Murielle,Fenney,mfenneydp@livejournal.com,Female,Apt 1570
495,Gwenette,Tidball,gtidballdq@tinyurl.com,Female,PO Box 89957
496,Howie,Simonaitis,hsimonaitisdr@eepurl.com,Male,Suite 10
497,Edward,Dealtry,edealtryds@jugem.jp,Male,Suite 56
498,Filippa,Pfeffle,fpfeffledt@weibo.com,Female,6th Floor
499,Alena,Bracci,abraccidu@paypal.com,Female,Suite 35
500,Emelita,Reihill,ereihilldv@sogou.com,Female,12th Floor
501,Luciano,Carbine,lcarbinedw@nature.com,Male,Apt 1124
502,Barbara-anne,Flott,bflottdx@ameblo.jp,Female,4th Floor
503,Morgen,Shakelady,mshakeladydy@addthis.com,Female,1st Floor
504,Manfred,Hundal,mhundaldz@irs.gov,Genderqueer,Suite 53
505,Letitia,Andreuzzi,landreuzzie0@clickbank.net,Female,PO Box 34607
506,Marchall,Hursey,mhurseye1@loc.gov,Male,Suite 19
507,Rosanne,McRobbie,rmcrobbiee2@dailymail.co.uk,Female,Apt 1285
508,Betteann,Romei,bromeie3@skype.com,Polygender,Apt 1556
509,Bentlee,Espasa,bespasae4@google.de,Male,6th Floor
510,Elene,Girtin,egirtine5@eventbrite.com,Female,Apt 298
511,Ken,Hallawell,khallawelle6@wix.com,Male,Room 1429
512,Shermie,Hobbema,shobbemae7@state.tx.us,Male,Room 964
513,Carlota,Charlesworth,ccharlesworthe8@tripadvisor.com,Female,Room 1742
514,Royal,Noto,rnotoe9@techcrunch.com,Genderfluid,9th Floor
515,Dorian,Lippiett,dlippiettea@sakura.ne.jp,Polygender,PO Box 16655
516,Hieronymus,Grebert,hgreberteb@examiner.com,Genderqueer,PO Box 29202
517,Othilie,Rihanek,orihanekec@go.com,Female,Room 1900
518,Alyss,De Vaux,adevauxed@gizmodo.com,Polygender,Suite 64
519,Annamarie,McFfaden,amcffadenee@hatena.ne.jp,Female,Room 825
520,Jeno,Fitzmaurice,jfitzmauriceef@typepad.com,Male,18th Floor
521,Yorker,Beauvais,ybeauvaiseg@youtube.com,Male,Apt 1732
522,Amelina,Catcherside,acatchersideeh@dyndns.org,Female,Room 773
523,Dory,Kigelman,dkigelmanei@jimdo.com,Female,PO Box 67859
524,Clevie,Formie,cformieej@mysql.com,Genderfluid,Suite 64
525,Nickolai,Korpolak,nkorpolakek@elpais.com,Polygender,Room 452
526,Cassy,Rothermel,crothermelel@etsy.com,Female,PO Box 87761
527,Felice,Aitkin,faitkinem@typepad.com,Male,PO Box 263
528,Lydon,McQuilliam,lmcquilliamen@businessweek.com,Male,Apt 789
529,Aeriel,O'Gready,aogreadyeo@sbwire.com,Agender,13th Floor
530,Chrystel,Bucknall,cbucknallep@fotki.com,Female,Room 775
531,Merrill,Skaif,mskaifeq@bing.com,Male,Apt 1052
532,Latia,Sapsed,lsapseder@etsy.com,Polygender,11th Floor
533,Drona,Berick,dberickes@de.vu,Female,13th Floor
534,Edi,Paolino,epaolinoet@hatena.ne.jp,Female,Room 102
535,Roanna,Gerok,rgerokeu@timesonline.co.uk,Female,5th Floor
536,Gwyn,Storcke,gstorckeev@deliciousdays.com,Female,Suite 51
537,Reggis,Thyer,rthyerew@weibo.com,Male,Apt 555
538,Caro,Beard,cbeardex@uiuc.edu,Female,PO Box 51756
539,Lionello,Skitral,lskitraley@ifeng.com,Male,Suite 26
540,Mira,Rhymer,mrhymerez@sphinn.com,Female,Apt 884
541,Meredithe,Bener,mbenerf0@newyorker.com,Female,PO Box 78590
542,Lorenza,Cearley,lcearleyf1@hc360.com,Female,Suite 95
543,Bren,Olivey,boliveyf2@twitpic.com,Female,Suite 59
544,Jaquenetta,Gadeaux,jgadeauxf3@ustream.tv,Female,Room 1198
545,Gael,Downing,gdowningf4@japanpost.jp,Male,PO Box 75591
546,Isidro,Yakushkin,iyakushkinf5@abc.net.au,Male,Apt 1929
547,Chrystal,Kinnear,ckinnearf6@blogger.com,Female,Apt 1656
548,Chery,Ivanenko,civanenkof7@yahoo.co.jp,Female,PO Box 15398
549,Pamella,Kelloway,pkellowayf8@forbes.com,Female,Suite 99
550,Byram,Rozenbaum,brozenbaumf9@adobe.com,Male,PO Box 16347
551,Kaitlyn,Billes,kbillesfa@toplist.cz,Female,Suite 60
552,Jacobo,Ghidetti,jghidettifb@dagondesign.com,Male,14th Floor
553,Lane,Molan,lmolanfc@scribd.com,Male,Apt 984
554,Glendon,Lown,glownfd@nature.com,Male,Room 1809
555,Nathalie,Bellsham,nbellshamfe@wiley.com,Female,Suite 70
556,Tyler,Scoggans,tscoggansff@issuu.com,Male,PO Box 32623
557,Lib,Cockshtt,lcockshttfg@si.edu,Female,Suite 82
558,Inesita,Bazire,ibazirefh@wikia.com,Female,Suite 46
559,Linnell,Lothlorien,llothlorienfi@msn.com,Female,Suite 22
560,Wayland,Rayburn,wrayburnfj@usnews.com,Male,12th Floor
561,Marten,Dracey,mdraceyfk@printfriendly.com,Male,Room 1265
562,Hallsy,Bailiss,hbailissfl@google.es,Male,Room 551
563,Ivett,Andreopolos,iandreopolosfm@pen.io,Female,PO Box 72654
564,Minerva,Novacek,mnovacekfn@cbslocal.com,Female,7th Floor
565,Killy,Eldin,keldinfo@geocities.com,Male,9th Floor
566,Timmy,Doorey,tdooreyfp@feedburner.com,Female,Apt 252
567,Quentin,Hetterich,qhetterichfq@smugmug.com,Male,Suite 94
568,Bronny,Teligin,bteliginfr@dyndns.org,Male,2nd Floor
569,Natividad,Soden,nsodenfs@bloglovin.com,Female,5th Floor
570,Hilary,Cappineer,hcappineerft@topsy.com,Female,Suite 11
571,Rozella,Rooze,rroozefu@wix.com,Female,Room 1274
572,Aurelea,Feaver,afeaverfv@google.com,Female,Apt 1687
573,Mohammed,Dines,mdinesfw@cargocollective.com,Male,Room 61
574,Starla,Bredes,sbredesfx@sakura.ne.jp,Female,Room 1023
575,Ragnar,Readwing,rreadwingfy@seattletimes.com,Male,Apt 800
576,Renaud,Hacquard,rhacquardfz@apache.org,Male,Apt 953
577,Osbourne,Fyers,ofyersg0@posterous.com,Male,PO Box 65624
578,Cal,Scase,cscaseg1@uol.com.br,Female,Apt 1701
579,Rozamond,Odams,rodamsg2@macromedia.com,Agender,Room 889
580,Kacy,Pero,kperog3@samsung.com,Genderqueer,Apt 1311
581,Shep,Wooller,swoollerg4@weibo.com,Male,Room 1099
582,Wiatt,Tanton,wtantong5@cloudflare.com,Male,7th Floor
583,Darby,Lamb,dlambg6@goo.ne.jp,Female,Apt 1477
584,Huntington,Begin,hbeging7@cnbc.com,Male,Apt 970
585,Arlee,McKague,amckagueg8@dailymotion.com,Genderfluid,18th Floor
586,Ewell,Kuhlmey,ekuhlmeyg9@latimes.com,Male,Suite 80
587,Sascha,Sanderson,ssandersonga@salon.com,Female,Apt 574
588,Jefferson,Lowndes,jlowndesgb@sogou.com,Male,Apt 583
589,Glen,Feldharker,gfeldharkergc@globo.com,Male,Suite 20
590,Hewe,Hillock,hhillockgd@fotki.com,Male,Apt 1544
591,Vinnie,Albasiny,valbasinyge@wired.com,Female,12th Floor
592,Arielle,Barthelme,abarthelmegf@google.com,Female,Suite 21
593,Paola,Rugg,prugggg@eepurl.com,Female,PO Box 67814
594,Nilson,Broyd,nbroydgh@huffingtonpost.com,Male,Suite 50
595,Norbie,Janos,njanosgi@gizmodo.com,Male,Room 48
596,Raynor,Greenier,rgreeniergj@unicef.org,Male,PO Box 70804
597,Egor,Romao,eromaogk@uol.com.br,Male,Apt 237
598,Koressa,Verecker,kvereckergl@topsy.com,Female,Suite 43
599,Milt,Drains,mdrainsgm@msn.com,Male,Suite 84
600,Kimberlyn,Kliemchen,kkliemchengn@psu.edu,Polygender,PO Box 55937
601,Jeanne,Shattock,jshattockgo@clickbank.net,Female,PO Box 67915
602,Hilario,Abramski,habramskigp@myspace.com,Male,Apt 1445
603,Homerus,Philipeaux,hphilipeauxgq@tamu.edu,Male,PO Box 42361
604,Vale,Eamer,veamergr@craigslist.org,Male,Suite 78
605,Vittorio,Cellier,vcelliergs@forbes.com,Genderqueer,Room 2
606,Son,Wasielewski,swasielewskigt@pen.io,Male,Room 1911
607,Lyndy,Bootton,lboottongu@eventbrite.com,Female,Suite 59
608,Janith,Potell,jpotellgv@google.it,Female,PO Box 18398
609,Windham,Pothecary,wpothecarygw@biblegateway.com,Male,Apt 1245
610,Dalton,Farryan,dfarryangx@nationalgeographic.com,Male,Suite 14
611,Chrysler,Lauritzen,clauritzengy@deviantart.com,Female,PO Box 7641
612,Lon,Rosso,lrossogz@google.com.br,Male,Apt 1660
613,Cyndy,Rother,crotherh0@harvard.edu,Female,Suite 72
614,Nowell,Munsey,nmunseyh1@shutterfly.com,Male,PO Box 75757
615,Seline,Armatage,sarmatageh2@chron.com,Genderqueer,Apt 886
616,Seymour,Summerson,ssummersonh3@studiopress.com,Male,15th Floor
617,Lynea,Martyntsev,lmartyntsevh4@multiply.com,Female,Apt 477
618,Rena,Yurocjhin,ryurocjhinh5@discuz.net,Female,Room 1419
619,Lucias,Hanratty,lhanrattyh6@china.com.cn,Male,20th Floor
620,Vidovic,Dafter,vdafterh7@pen.io,Male,PO Box 65055
621,Gill,Ovell,govellh8@msu.edu,Male,Room 621
622,Burnaby,Mattingley,bmattingleyh9@hp.com,Male,3rd Floor
623,Cecilius,Stratten,cstrattenha@ted.com,Male,Room 541
624,Niven,Le Merchant,nlemerchanthb@discovery.com,Male,2nd Floor
625,Seana,Slyman,sslymanhc@nps.gov,Bigender,PO Box 50302
626,Brooks,Eginton,begintonhd@exblog.jp,Male,4th Floor
627,Adelaida,Slowley,aslowleyhe@nytimes.com,Female,Suite 60
628,Dulcy,Barney,dbarneyhf@arstechnica.com,Female,Suite 65
629,Wadsworth,Petraitis,wpetraitishg@pbs.org,Male,17th Floor
630,Olin,Ferencowicz,oferencowiczhh@slate.com,Male,Room 567
631,Nate,Kinzett,nkinzetthi@stanford.edu,Male,Apt 192
632,Arly,Brafferton,abraffertonhj@tiny.cc,Female,Apt 1193
633,Lisbeth,Grimme,lgrimmehk@webs.com,Female,Suite 86
634,Saunder,Kuhnert,skuhnerthl@tinyurl.com,Male,16th Floor
635,Auria,Esslemont,aesslemonthm@amazon.com,Female,15th Floor
636,Diarmid,Felgate,dfelgatehn@netvibes.com,Male,Suite 68
637,Sal,Benitez,sbenitezho@instagram.com,Female,PO Box 41289
638,Ernestine,Gunston,egunstonhp@google.fr,Female,PO Box 36712
639,Jemimah,Voss,jvosshq@desdev.cn,Non-binary,PO Box 27167
640,Lizbeth,Gamwell,lgamwellhr@gov.uk,Female,Suite 21
641,Pauly,Philipot,pphilipoths@homestead.com,Female,Apt 759
642,Bealle,Doumer,bdoumerht@unesco.org,Male,PO Box 82470
643,Jesselyn,Bools,jboolshu@accuweather.com,Female,Apt 1879
644,Poul,Grinin,pgrininhv@ameblo.jp,Male,PO Box 33511
645,Faulkner,Kenderdine,fkenderdinehw@gmpg.org,Male,Apt 1105
646,Lek,Pinare,lpinarehx@vinaora.com,Genderfluid,PO Box 76884
647,Raffarty,Wadmore,rwadmorehy@spiegel.de,Male,PO Box 82630
648,Witty,Fardoe,wfardoehz@eventbrite.com,Male,13th Floor
649,Luce,Kinnin,lkinnini0@hexun.com,Male,Room 1582
650,Fay,Ferres,fferresi1@amazon.co.jp,Female,4th Floor
651,Frank,Dy,fdyi2@google.fr,Male,Apt 632
652,Thelma,Jelphs,tjelphsi3@wsj.com,Female,Room 916
653,Munmro,Collins,mcollinsi4@weebly.com,Male,Room 1050
654,Neal,Iannuzzi,niannuzzii5@exblog.jp,Male,PO Box 17408
655,Katharyn,Limeburn,klimeburni6@ameblo.jp,Female,Apt 1179
656,Addia,Riglar,ariglari7@newsvine.com,Female,Suite 91
657,Kiel,Padell,kpadelli8@goodreads.com,Male,Room 748
658,Marten,Corbally,mcorballyi9@dmoz.org,Male,PO Box 42257
659,Mechelle,Gittoes,mgittoesia@reddit.com,Female,Apt 345
660,Briney,MacAdam,bmacadamib@youtube.com,Female,Suite 68
661,Adolpho,Swinn,aswinnic@businesswire.com,Male,19th Floor
662,Daveen,Pinn,dpinnid@imgur.com,Female,Apt 950
663,Emmy,Arlott,earlottie@shutterfly.com,Male,Suite 92
664,Giuseppe,Reveland,grevelandif@bloglines.com,Male,9th Floor
665,Felicity,McCome,fmccomeig@creativecommons.org,Female,5th Floor
666,Kevan,Giacobazzi,kgiacobazziih@npr.org,Male,13th Floor
667,Georgiana,Trappe,gtrappeii@usda.gov,Female,Suite 1
668,Rosalinde,Kurten,rkurtenij@linkedin.com,Female,PO Box 31537
669,Elsa,Stuckes,estuckesik@theguardian.com,Female,Room 493
670,Bertram,Fligg,bfliggil@icio.us,Polygender,9th Floor
671,Raviv,Cromb,rcrombim@cnet.com,Male,2nd Floor
672,Deny,Jerman,djermanin@wikispaces.com,Agender,Apt 791
673,Reuben,Dowdell,rdowdellio@kickstarter.com,Male,12th Floor
674,Maximilianus,Sadgrove,msadgroveip@bizjournals.com,Agender,Apt 1196
675,Maggie,Handke,mhandkeiq@ebay.co.uk,Female,Room 1420
676,Paolo,Desborough,pdesboroughir@cocolog-nifty.com,Male,Suite 16
677,Fritz,Smoote,fsmooteis@yolasite.com,Male,Room 1830
678,Rivkah,Vashchenko,rvashchenkoit@oaic.gov.au,Female,Suite 81
679,Bayard,Bentley,bbentleyiu@home.pl,Male,Room 136
680,Domini,Parades,dparadesiv@indiatimes.com,Female,Suite 40
681,Frans,Kinset,fkinsetiw@adobe.com,Male,PO Box 64746
682,Leela,Matuskiewicz,lmatuskiewiczix@wired.com,Female,Room 1264
683,Tobin,Penylton,tpenyltoniy@vimeo.com,Male,PO Box 90887
684,Felicia,Antunes,fantunesiz@intel.com,Female,11th Floor
685,Wallis,Dungey,wdungeyj0@dailymotion.com,Male,16th Floor
686,Glenine,Paradine,gparadinej1@wp.com,Female,Apt 284
687,Jannel,Saxton,jsaxtonj2@exblog.jp,Female,Apt 504
688,Karie,Dowdney,kdowdneyj3@unblog.fr,Female,Apt 588
689,Alverta,D'Errico,aderricoj4@a8.net,Female,PO Box 30001
690,Ramsey,Walby,rwalbyj5@desdev.cn,Male,8th Floor
691,Suzanne,Screech,sscreechj6@admin.ch,Female,6th Floor
692,Arline,Scamal,ascamalj7@zdnet.com,Female,17th Floor
693,Thorsten,Bothen,tbothenj8@360.cn,Male,Suite 52
694,Vick,Auton,vautonj9@illinois.edu,Male,Apt 333
695,Reube,Guile,rguileja@google.de,Male,Apt 479
696,Andrey,Orts,aortsjb@trellian.com,Male,Apt 922
697,Juliet,MacAlpin,jmacalpinjc@joomla.org,Female,Apt 662
698,Eulalie,Doonican,edoonicanjd@tinypic.com,Female,9th Floor
699,Gregg,Dolbey,gdolbeyje@ted.com,Male,Suite 19
700,Sindee,Edgin,sedginjf@pen.io,Female,PO Box 74643
701,Gwendolyn,Nathan,gnathanjg@mtv.com,Female,Suite 63
702,Flossi,Maple,fmaplejh@ucoz.ru,Female,Apt 1111
703,Lindsay,Cossar,lcossarji@newsvine.com,Male,5th Floor
704,Antin,Akram,aakramjj@google.co.jp,Male,PO Box 77567
705,Mart,Aldiss,maldissjk@infoseek.co.jp,Male,PO Box 18434
706,Stern,Arnison,sarnisonjl@fda.gov,Male,Room 1935
707,Sharia,McAreavey,smcareaveyjm@java.com,Female,Room 1002
708,Gris,McDoual,gmcdoualjn@illinois.edu,Male,PO Box 6286
709,Erek,Dudill,edudilljo@princeton.edu,Male,PO Box 5383
710,Velvet,Turrell,vturrelljp@newsvine.com,Female,5th Floor
711,Lek,Ferby,lferbyjq@myspace.com,Male,Room 202
712,Augustin,Schroder,aschroderjr@boston.com,Male,Suite 83
713,Perle,Vaillant,pvaillantjs@ameblo.jp,Female,PO Box 2264
714,Cale,Riddich,criddichjt@odnoklassniki.ru,Male,Suite 41
715,Maressa,Fremantle,mfremantleju@elpais.com,Female,PO Box 64154
716,Rudie,Bricknall,rbricknalljv@wired.com,Male,Apt 623
717,Benny,Geharke,bgeharkejw@ebay.com,Male,10th Floor
718,Adore,Nisard,anisardjx@rambler.ru,Female,Apt 724
719,Durante,Sporrij,dsporrijjy@mapy.cz,Male,Suite 90
720,Reinald,Bembrick,rbembrickjz@mail.ru,Genderqueer,Suite 6
721,Reube,Dyble,rdyblek0@sfgate.com,Male,Suite 57
722,Early,Ciobotaro,eciobotarok1@smh.com.au,Male,PO Box 31186
723,Marillin,McQuillan,mmcquillank2@google.de,Female,PO Box 89382
724,Gifford,Carnier,gcarnierk3@barnesandnoble.com,Male,13th Floor
725,Husein,Devin,hdevink4@illinois.edu,Male,PO Box 21819
726,Josh,Purslow,jpurslowk5@independent.co.uk,Male,PO Box 35551
727,Isabel,Warmington,iwarmingtonk6@accuweather.com,Female,PO Box 52697
728,Tully,Atteridge,tatteridgek7@hatena.ne.jp,Male,13th Floor
729,Portia,Pargeter,ppargeterk8@csmonitor.com,Female,Apt 579
730,Jobye,Garvin,jgarvink9@wordpress.com,Female,PO Box 63900
731,Justina,Adams,jadamska@berkeley.edu,Female,19th Floor
732,Winnifred,Grist,wgristkb@themeforest.net,Female,PO Box 68716
733,Engracia,Lory,elorykc@artisteer.com,Female,PO Box 23832
734,Diannne,Slite,dslitekd@google.fr,Female,PO Box 32847
735,Kennett,Abbay,kabbayke@networkadvertising.org,Male,Apt 1052
736,Hubey,Girardi,hgirardikf@purevolume.com,Agender,Suite 59
737,Burnard,Bountiff,bbountiffkg@odnoklassniki.ru,Male,Apt 1992
738,Jeralee,Lafferty,jlaffertykh@symantec.com,Female,Apt 784
739,Alric,Kelwick,akelwickki@gizmodo.com,Male,Room 1585
740,Sallyann,Olivelli,solivellikj@hc360.com,Female,10th Floor
741,Kaine,Brisson,kbrissonkk@weibo.com,Male,PO Box 23440
742,Cale,Backes,cbackeskl@mayoclinic.com,Male,PO Box 66531
743,Austen,Debrett,adebrettkm@cargocollective.com,Male,Apt 1829
744,Jammie,Gitsham,jgitshamkn@elegantthemes.com,Female,Suite 11
745,Lurleen,Karchewski,lkarchewskiko@guardian.co.uk,Female,20th Floor
746,Bathsheba,Alison,balisonkp@plala.or.jp,Female,PO Box 16579
747,Maison,Tomkies,mtomkieskq@icio.us,Male,PO Box 2617
748,Gabby,Vequaud,gvequaudkr@virginia.edu,Male,Suite 97
749,Basilius,Rookledge,brookledgeks@ucoz.ru,Male,16th Floor
750,Artemas,Gerred,agerredkt@free.fr,Male,PO Box 61291
751,Wendell,De Antoni,wdeantoniku@cornell.edu,Male,Room 1390
752,Hirsch,Matterson,hmattersonkv@biblegateway.com,Male,2nd Floor
753,Kenny,Maple,kmaplekw@icio.us,Male,Suite 91
754,Giuditta,Lafoy,glafoykx@sourceforge.net,Female,7th Floor
755,Mickie,Gansbuhler,mgansbuhlerky@amazonaws.com,Female,Apt 828
756,Celisse,Pellingar,cpellingarkz@i2i.jp,Female,16th Floor
757,Amalee,Lorkings,alorkingsl0@microsoft.com,Female,PO Box 29744
758,Denice,Espy,despyl1@cocolog-nifty.com,Female,Room 59
759,Austen,Moan,amoanl2@example.com,Male,Apt 277
760,Leandra,Crofts,lcroftsl3@prlog.org,Female,10th Floor
761,Dede,Bracey,dbraceyl4@icq.com,Polygender,1st Floor
762,Pauli,Frankland,pfranklandl5@netlog.com,Female,PO Box 62106
763,Kandy,Petters,kpettersl6@feedburner.com,Female,Room 1587
764,Broddy,Pirnie,bpirniel7@etsy.com,Male,PO Box 99464
765,Logan,Hartup,lhartupl8@aol.com,Male,Apt 341
766,Amil,St Louis,astlouisl9@google.com.br,Female,9th Floor
767,Rollo,Pentercost,rpentercostla@vk.com,Male,Apt 1951
768,Desirae,Bishell,dbishelllb@ocn.ne.jp,Female,13th Floor
769,Ilka,Thaxter,ithaxterlc@mayoclinic.com,Female,Apt 882
770,Claudell,Bourgaize,cbourgaizeld@bloomberg.com,Male,Suite 51
771,Becky,Crippin,bcrippinle@buzzfeed.com,Female,Apt 775
772,Shelli,Stolz,sstolzlf@dailymotion.com,Female,1st Floor
773,Trip,McCullouch,tmccullouchlg@yandex.ru,Male,10th Floor
774,Filmore,Mayward,fmaywardlh@github.com,Male,11th Floor
775,Lanni,Younglove,lyoungloveli@upenn.edu,Female,Apt 746
776,Pace,Hurd,phurdlj@macromedia.com,Male,Apt 1240
777,Carlye,Jeduch,cjeduchlk@baidu.com,Female,Apt 525
778,Amii,Wicks,awicksll@1und1.de,Female,17th Floor
779,Hymie,Battin,hbattinlm@toplist.cz,Male,Apt 375
780,Keith,Somerscales,ksomerscalesln@slate.com,Male,Room 1993
781,Genevieve,Pepon,gpeponlo@wix.com,Female,Room 1740
782,Fiann,Akaster,fakasterlp@vimeo.com,Female,PO Box 83567
783,Adora,Viscovi,aviscovilq@virginia.edu,Female,2nd Floor
784,Shurlocke,Tweed,stweedlr@trellian.com,Male,Suite 82
785,Lucie,Roobottom,lroobottomls@1688.com,Female,PO Box 59764
786,Camile,Blankett,cblankettlt@cbc.ca,Female,Room 389
787,Arturo,Spileman,aspilemanlu@xing.com,Male,Room 1212
788,Lynette,Jodlowski,ljodlowskilv@un.org,Female,Room 947
789,Adrian,Thurner,athurnerlw@edublogs.org,Female,Apt 1857
790,Elbertine,Fivey,efiveylx@google.ca,Female,PO Box 36207
791,Lazar,Amthor,lamthorly@hao123.com,Male,PO Box 95968
792,Omar,Blas,oblaslz@wisc.edu,Male,14th Floor
793,Marlin,Abdon,mabdonm0@linkedin.com,Male,Room 445
794,Guillaume,Beckett,gbeckettm1@histats.com,Male,Room 1872
795,Joaquin,Avramovitz,javramovitzm2@issuu.com,Male,1st Floor
796,Brendin,Trippack,btrippackm3@theguardian.com,Male,Room 1296
797,Danya,MacGlory,dmacglorym4@reddit.com,Male,PO Box 55235
798,Rutger,Rawcliffe,rrawcliffem5@sun.com,Male,Room 1927
799,Temp,Murrthum,tmurrthumm6@qq.com,Male,Suite 5
800,Douglas,Pedler,dpedlerm7@nymag.com,Male,Suite 85
801,Raleigh,Reven,rrevenm8@biglobe.ne.jp,Male,Apt 1765
802,Jenna,Whitfield,jwhitfieldm9@multiply.com,Female,Suite 47
803,Helaina,Overlow,hoverlowma@sfgate.com,Female,Room 1072
804,Ladonna,Longmate,llongmatemb@facebook.com,Female,Suite 47
805,Cara,McKniely,cmcknielymc@geocities.jp,Female,PO Box 31559
806,Blondie,Boydle,bboydlemd@nba.com,Female,7th Floor
807,Eran,Lindro,elindrome@phoca.cz,Female,PO Box 99094
808,Darrin,Rickis,drickismf@sciencedirect.com,Male,PO Box 9989
809,Ros,Reast,rreastmg@yahoo.com,Female,Suite 56
810,Flory,McGuffie,fmcguffiemh@google.nl,Male,Apt 914
811,Sada,Couth,scouthmi@virginia.edu,Female,7th Floor
812,Auria,Jimenez,ajimenezmj@parallels.com,Female,Apt 785
813,Charles,Nuschke,cnuschkemk@nps.gov,Male,5th Floor
814,Sherlock,Rulton,srultonml@seattletimes.com,Male,PO Box 80760
815,Kalle,Ewer,kewermm@sphinn.com,Male,Room 257
816,Madel,Easom,measommn@squidoo.com,Female,5th Floor
817,Ardyth,Alty,aaltymo@mtv.com,Female,Suite 83
818,Myrilla,Raiker,mraikermp@archive.org,Non-binary,Room 1282
819,Lucine,Hintzer,lhintzermq@prweb.com,Female,PO Box 85144
820,Nikolaos,Grishankov,ngrishankovmr@posterous.com,Non-binary,7th Floor
821,Boony,Lyven,blyvenms@yellowpages.com,Male,PO Box 47301
822,Kipper,Buff,kbuffmt@ucsd.edu,Male,Room 1010
823,Whitaker,Learoyd,wlearoydmu@yelp.com,Male,9th Floor
824,Marje,Shinfield,mshinfieldmv@webeden.co.uk,Bigender,7th Floor
825,Devan,Gosling,dgoslingmw@sakura.ne.jp,Female,Room 1353
826,Madella,Leverett,mleverettmx@independent.co.uk,Female,4th Floor
827,Cordula,Triner,ctrinermy@boston.com,Female,Apt 901
828,Norah,Hoffman,nhoffmanmz@hp.com,Female,5th Floor
829,Felicio,Woodfin,fwoodfinn0@people.com.cn,Male,Room 1692
830,Hollis,Dellow,hdellown1@harvard.edu,Male,Apt 1875
831,Eugen,Hawthorn,ehawthornn2@bigcartel.com,Male,PO Box 93445
832,Hayyim,Garretts,hgarrettsn3@flavors.me,Male,Apt 1555
833,Hillary,Crosskill,hcrosskilln4@purevolume.com,Male,Apt 468
834,Arny,Hardbattle,ahardbattlen5@ameblo.jp,Male,Suite 95
835,Tulley,Essam,tessamn6@alexa.com,Male,17th Floor
836,Steffie,Musico,smusicon7@webeden.co.uk,Female,17th Floor
837,Javier,Hillen,jhillenn8@umich.edu,Male,Room 683
838,Arleen,Dabnot,adabnotn9@apache.org,Female,Suite 7
839,Theresina,Figure,tfigurena@360.cn,Female,20th Floor
840,Auria,MacCaffery,amaccafferynb@hexun.com,Female,9th Floor
841,Merralee,Cowser,mcowsernc@soundcloud.com,Polygender,Apt 1696
842,Coleman,Simla,csimland@mtv.com,Genderfluid,Suite 79
843,Iorgo,Aviss,iavissne@netvibes.com,Male,PO Box 53125
844,Richmound,Desantis,rdesantisnf@zdnet.com,Male,Suite 28
845,Emilia,Weitzel,eweitzelng@hud.gov,Female,PO Box 89813
846,Penrod,Duddy,pduddynh@stanford.edu,Agender,7th Floor
847,Justin,Fattorini,jfattorinini@nsw.gov.au,Male,Suite 44
848,Melany,Dawe,mdawenj@wired.com,Female,Room 1464
849,Marillin,Canty,mcantynk@nationalgeographic.com,Female,Apt 461
850,Dru,Chartres,dchartresnl@globo.com,Female,Suite 58
851,Chrisse,Malins,cmalinsnm@dedecms.com,Male,Room 1534
852,Jed,Mohamed,jmohamednn@jalbum.net,Bigender,Room 286
853,Tony,Reaney,treaneyno@home.pl,Male,Apt 1492
854,Ariel,Adcock,aadcocknp@disqus.com,Female,4th Floor
855,Shaylah,Reveland,srevelandnq@aol.com,Female,PO Box 76295
856,Harlene,Raddon,hraddonnr@facebook.com,Female,17th Floor
857,Janeva,Gierhard,jgierhardns@rediff.com,Female,PO Box 72337
858,Vanni,Hamer,vhamernt@newsvine.com,Female,PO Box 77792
859,Benoite,Lennie,blennienu@desdev.cn,Female,Apt 435
860,Mildred,Braghini,mbraghininv@tripod.com,Agender,Suite 50
861,Hilliard,Heball,hheballnw@time.com,Polygender,Apt 1412
862,Cyndie,Seviour,cseviournx@nature.com,Female,PO Box 67864
863,Trefor,Burgise,tburgiseny@bbc.co.uk,Male,PO Box 30566
864,Alyce,Gross,agrossnz@4shared.com,Female,Room 1157
865,Theresita,Killingback,tkillingbacko0@whitehouse.gov,Female,19th Floor
866,Millisent,Dowry,mdowryo1@sogou.com,Genderqueer,Room 907
867,Penrod,Jellis,pjelliso2@soup.io,Male,19th Floor
868,Lincoln,Pasmore,lpasmoreo3@google.com,Male,Room 338
869,Garth,Bradock,gbradocko4@dell.com,Male,Apt 1649
870,Tera,Blackshaw,tblackshawo5@1688.com,Female,20th Floor
871,Moyra,Schuck,mschucko6@phoca.cz,Female,Room 403
872,Justinn,Chatelet,jchateleto7@foxnews.com,Female,PO Box 22897
873,Jocelyn,Lanfranchi,jlanfranchio8@twitpic.com,Female,Suite 100
874,Chrysler,Hellmore,chellmoreo9@sohu.com,Female,PO Box 77015
875,Tucker,Rockwell,trockwelloa@sina.com.cn,Genderqueer,Room 953
876,Sutherlan,Hasard,shasardob@wufoo.com,Male,11th Floor
877,Sebastian,Dankersley,sdankersleyoc@github.com,Genderqueer,15th Floor
878,Wanda,Stonman,wstonmanod@ft.com,Female,Room 1060
879,Fionna,Dalmon,fdalmonoe@hp.com,Female,Suite 83
880,Wallache,Paschke,wpaschkeof@zimbio.com,Male,PO Box 55139
881,Judah,Johnys,jjohnysog@bandcamp.com,Male,Apt 537
882,Madelon,Rutter,mrutteroh@smh.com.au,Female,PO Box 53452
883,Sherie,McLellan,smclellanoi@wikia.com,Female,Suite 5
884,Brianne,Quinnelly,bquinnellyoj@springer.com,Female,10th Floor
885,Dyna,Artis,dartisok@drupal.org,Non-binary,2nd Floor
886,Cissy,Pillifant,cpillifantol@1688.com,Non-binary,Apt 1185
887,Fonsie,Futty,ffuttyom@earthlink.net,Male,Apt 624
888,Errol,Grizard,egrizardon@amazon.co.uk,Agender,PO Box 75340
889,Oates,Klement,oklementoo@auda.org.au,Male,Room 750
890,Misti,de Merida,mdemeridaop@walmart.com,Female,PO Box 93748
891,Alisha,Febry,afebryoq@vistaprint.com,Female,18th Floor
892,Hobie,Grzegorzewski,hgrzegorzewskior@geocities.jp,Male,Apt 183
893,Glori,Worsalls,gworsallsos@arstechnica.com,Female,Room 63
894,Jay,Nan Carrow,jnancarrowot@privacy.gov.au,Genderqueer,Room 1076
895,Faye,Machel,fmachelou@wordpress.com,Genderfluid,PO Box 68004
896,Emilie,Gadeaux,egadeauxov@usgs.gov,Genderqueer,Apt 614
897,Joye,Millan,jmillanow@globo.com,Female,Suite 2
898,Cherianne,Powdrell,cpowdrellox@gmpg.org,Female,PO Box 61927
899,Robbie,Issit,rissitoy@google.ca,Female,Suite 88
900,Inna,Zottoli,izottolioz@gnu.org,Genderqueer,Suite 7
901,Binnie,Blinder,bblinderp0@reddit.com,Female,Suite 78
902,Madison,O'Mannion,momannionp1@cbsnews.com,Male,PO Box 31923
903,Inesita,Chater,ichaterp2@cmu.edu,Genderqueer,Room 365
904,Stefa,Shadrach,sshadrachp3@fastcompany.com,Female,Apt 1294
905,Elvis,Dekeyser,edekeyserp4@arizona.edu,Male,Suite 49
906,Salvatore,Hembery,shemberyp5@elpais.com,Male,Suite 99
907,Allard,Besnard,abesnardp6@europa.eu,Male,12th Floor
908,Kendal,Delph,kdelphp7@multiply.com,Male,PO Box 96153
909,Sarina,Skittreal,sskittrealp8@nps.gov,Female,20th Floor
910,Shaylah,Lashley,slashleyp9@shutterfly.com,Female,Room 100
911,Lesley,Howsego,lhowsegopa@zdnet.com,Female,Suite 39
912,Corbett,Thresh,cthreshpb@smh.com.au,Male,Apt 1700
913,Gabie,Battey,gbatteypc@amazon.com,Male,Room 242
914,Caspar,Stubbe,cstubbepd@cbsnews.com,Male,PO Box 7726
915,Valli,MacRierie,vmacrieriepe@google.cn,Female,9th Floor
916,Fionna,Reaveley,freaveleypf@elpais.com,Female,PO Box 32560
917,Chariot,Harber,charberpg@google.ru,Male,PO Box 29124
918,Brewster,Vila,bvilaph@ted.com,Male,9th Floor
919,Maximo,Jeaycock,mjeaycockpi@webs.com,Male,Apt 1923
920,Ibby,Drewry,idrewrypj@360.cn,Female,Room 1308
921,Jeremy,Abramsky,jabramskypk@google.com,Male,Apt 1848
922,Tierney,Kilsby,tkilsbypl@wordpress.com,Female,PO Box 84172
923,Thorin,Gass,tgasspm@theglobeandmail.com,Male,19th Floor
924,Sela,Sterre,ssterrepn@about.me,Female,PO Box 1813
925,Loree,Buncher,lbuncherpo@chicagotribune.com,Female,PO Box 66739
926,Jessey,Allday,jalldaypp@archive.org,Male,Room 1911
927,Fredrika,Annable,fannablepq@imgur.com,Female,Suite 87
928,Wandis,Besse,wbessepr@reference.com,Female,Room 125
929,Sander,Wickwarth,swickwarthps@free.fr,Male,12th Floor
930,Colene,Bozworth,cbozworthpt@goo.gl,Female,18th Floor
931,Erich,Cain,ecainpu@mail.ru,Male,20th Floor
932,Jacquetta,Harder,jharderpv@miitbeian.gov.cn,Female,7th Floor
933,Raynell,Pether,rpetherpw@storify.com,Female,Apt 1658
934,Maison,Anetts,manettspx@columbia.edu,Male,PO Box 79968
935,Maren,Basler,mbaslerpy@hexun.com,Female,Apt 507
936,Guenevere,MacAlees,gmacaleespz@auda.org.au,Female,Room 519
937,Harrietta,Dybald,hdybaldq0@imageshack.us,Female,Room 860
938,Myranda,Winchcum,mwinchcumq1@abc.net.au,Agender,Suite 66
939,Jeana,Andrusyak,jandrusyakq2@theatlantic.com,Female,Suite 42
940,Vallie,Evins,vevinsq3@lycos.com,Genderqueer,Apt 1368
941,Amos,Clifford,acliffordq4@cnet.com,Male,Apt 317
942,Marcie,Rubenchik,mrubenchikq5@gizmodo.com,Female,19th Floor
943,Guenevere,Balasini,gbalasiniq6@lulu.com,Female,19th Floor
944,Clarissa,Nanninini,cnannininiq7@blogspot.com,Female,5th Floor
945,Gwendolen,Custy,gcustyq8@guardian.co.uk,Female,1st Floor
946,Eveleen,Yesichev,eyesichevq9@tmall.com,Female,Room 18
947,Godart,Nicholson,gnicholsonqa@behance.net,Male,Suite 64
948,Owen,Poulden,opouldenqb@who.int,Male,Room 1596
949,Carry,Arnatt,carnattqc@printfriendly.com,Female,Apt 1167
950,Reeta,Kyndred,rkyndredqd@bing.com,Female,PO Box 61465
951,Talbert,Ayling,taylingqe@soup.io,Male,Apt 344
952,Carrie,Sheehy,csheehyqf@behance.net,Bigender,Suite 83
953,Fredi,Hamm,fhammqg@msn.com,Female,Apt 1959
954,Sherwynd,Derks,sderksqh@last.fm,Male,Suite 68
955,Angel,Offell,aoffellqi@timesonline.co.uk,Male,Apt 1481
956,Miles,Pinckney,mpinckneyqj@booking.com,Male,Apt 319
957,Heda,Latan,hlatanqk@boston.com,Female,Apt 352
958,Talbot,Mullany,tmullanyql@prnewswire.com,Male,PO Box 17574
959,Orsola,Prangnell,oprangnellqm@uiuc.edu,Female,Apt 1441
960,Siffre,Plaunch,splaunchqn@gov.uk,Male,PO Box 2395
961,Dorthea,Cowndley,dcowndleyqo@goo.ne.jp,Female,Room 1641
962,Codie,Ellse,cellseqp@dropbox.com,Female,PO Box 44212
963,Prent,Husband,phusbandqq@ebay.com,Male,PO Box 11602
964,Elane,Clothier,eclothierqr@hatena.ne.jp,Female,Apt 253
965,Gleda,Benting,gbentingqs@youku.com,Female,Suite 30
966,Pansy,Mildmott,pmildmottqt@unblog.fr,Female,Room 1839
967,Regina,Duggary,rduggaryqu@discuz.net,Female,Room 602
968,Shalom,Crix,scrixqv@skyrock.com,Male,Suite 7
969,Arlen,Kingzett,akingzettqw@php.net,Male,9th Floor
970,Neill,Boyford,nboyfordqx@furl.net,Male,Apt 1724
971,Vance,Grzes,vgrzesqy@ucoz.ru,Male,Room 1226
972,Daniella,Freiburger,dfreiburgerqz@about.com,Female,Room 1217
973,Blakelee,Medland,bmedlandr0@wisc.edu,Female,Room 390
974,Davine,Hartley,dhartleyr1@meetup.com,Female,Room 710
975,Johny,Finnan,jfinnanr2@drupal.org,Male,8th Floor
976,Papageno,Kliemke,pkliemker3@timesonline.co.uk,Male,Room 716
977,Colan,Keen,ckeenr4@mysql.com,Male,13th Floor
978,Flinn,Genner,fgennerr5@youtube.com,Genderfluid,Room 1216
979,Ferne,Pylkynyton,fpylkynytonr6@spiegel.de,Genderfluid,PO Box 2627
980,Meyer,Cheer,mcheerr7@mapquest.com,Male,PO Box 52576
981,Bud,Ramberg,brambergr8@fema.gov,Male,4th Floor
982,Hayley,Lieb,hliebr9@sphinn.com,Female,Room 975
983,Adriaens,Bucky,abuckyra@elegantthemes.com,Bigender,Room 425
984,Shamus,Orrill,sorrillrb@mayoclinic.com,Male,Suite 21
985,Dolph,Tomasi,dtomasirc@typepad.com,Male,Apt 851
986,Terrel,Lyon,tlyonrd@upenn.edu,Male,Room 1511
987,Ophelia,Nannizzi,onannizzire@apple.com,Female,Suite 69
988,Dedra,Seed,dseedrf@yale.edu,Female,Apt 1481
989,Kalindi,Roja,krojarg@oakley.com,Female,Apt 191
990,Franciska,Piesold,fpiesoldrh@statcounter.com,Female,Suite 69
991,Scarlett,Wrout,swroutri@google.com.au,Female,19th Floor
992,Jeremy,Shelp,jshelprj@bing.com,Male,Room 1630
993,Dorree,Blackster,dblacksterrk@qq.com,Female,PO Box 6874
994,Tailor,Kamena,tkamenarl@icq.com,Male,Apt 786
995,Flory,Bodd,fboddrm@twitpic.com,Male,PO Box 71898
996,Batsheva,McCoveney,bmccoveneyrn@infoseek.co.jp,Female,Apt 721
997,Coriss,Glanz,cglanzro@nba.com,Female,Apt 401
998,Aidan,Miskelly,amiskellyrp@wordpress.org,Female,Room 706
999,Norri,Crut,ncrutrq@clickbank.net,Female,Suite 74
1000,Rudolf,Jirzik,rjirzikrr@gravatar.com,Male,PO Box 45144
